{
	"BUILD_DIR" : "D:/code/platform/Sorting-Algorithm-Interface-Framework/cmake-build-debug/Sorting_Algorithm_Interface_Framework_autogen",
	"CMAKE_BINARY_DIR" : "D:/code/platform/Sorting-Algorithm-Interface-Framework/cmake-build-debug",
	"CMAKE_CURRENT_BINARY_DIR" : "D:/code/platform/Sorting-Algorithm-Interface-Framework/cmake-build-debug",
	"CMAKE_CURRENT_SOURCE_DIR" : "D:/code/platform/Sorting-Algorithm-Interface-Framework",
	"CMAKE_EXECUTABLE" : "C:/jetbrains/CLion/bin/cmake/win/x64/bin/cmake.exe",
	"CMAKE_LIST_FILES" : 
	[
		"D:/code/platform/Sorting-Algorithm-Interface-Framework/CMakeLists.txt",
		"D:/code/platform/Sorting-Algorithm-Interface-Framework/cmake-build-debug/CMakeFiles/3.26.4/CMakeSystem.cmake",
		"C:/jetbrains/CLion/bin/cmake/win/x64/share/cmake-3.26/Modules/CMakeSystemSpecificInitialize.cmake",
		"D:/code/platform/Sorting-Algorithm-Interface-Framework/cmake-build-debug/CMakeFiles/3.26.4/CMakeCCompiler.cmake",
		"D:/code/platform/Sorting-Algorithm-Interface-Framework/cmake-build-debug/CMakeFiles/3.26.4/CMakeCXXCompiler.cmake",
		"C:/jetbrains/CLion/bin/cmake/win/x64/share/cmake-3.26/Modules/CMakeSystemSpecificInformation.cmake",
		"C:/jetbrains/CLion/bin/cmake/win/x64/share/cmake-3.26/Modules/CMakeGenericSystem.cmake",
		"C:/jetbrains/CLion/bin/cmake/win/x64/share/cmake-3.26/Modules/CMakeInitializeConfigs.cmake",
		"C:/jetbrains/CLion/bin/cmake/win/x64/share/cmake-3.26/Modules/Platform/Windows.cmake",
		"C:/jetbrains/CLion/bin/cmake/win/x64/share/cmake-3.26/Modules/Platform/WindowsPaths.cmake",
		"C:/jetbrains/CLion/bin/cmake/win/x64/share/cmake-3.26/Modules/CMakeCInformation.cmake",
		"C:/jetbrains/CLion/bin/cmake/win/x64/share/cmake-3.26/Modules/CMakeLanguageInformation.cmake",
		"C:/jetbrains/CLion/bin/cmake/win/x64/share/cmake-3.26/Modules/Compiler/GNU-C.cmake",
		"C:/jetbrains/CLion/bin/cmake/win/x64/share/cmake-3.26/Modules/Compiler/GNU.cmake",
		"C:/jetbrains/CLion/bin/cmake/win/x64/share/cmake-3.26/Modules/Compiler/CMakeCommonCompilerMacros.cmake",
		"C:/jetbrains/CLion/bin/cmake/win/x64/share/cmake-3.26/Modules/Platform/Windows-GNU-C.cmake",
		"C:/jetbrains/CLion/bin/cmake/win/x64/share/cmake-3.26/Modules/Platform/Windows-GNU.cmake",
		"D:/code/platform/Sorting-Algorithm-Interface-Framework/cmake-build-debug/CMakeFiles/3.26.4/CMakeRCCompiler.cmake",
		"C:/jetbrains/CLion/bin/cmake/win/x64/share/cmake-3.26/Modules/CMakeRCInformation.cmake",
		"C:/jetbrains/CLion/bin/cmake/win/x64/share/cmake-3.26/Modules/Platform/Windows-windres.cmake",
		"C:/jetbrains/CLion/bin/cmake/win/x64/share/cmake-3.26/Modules/Platform/Windows-GNU-C-ABI.cmake",
		"C:/jetbrains/CLion/bin/cmake/win/x64/share/cmake-3.26/Modules/CMakeCommonLanguageInclude.cmake",
		"C:/jetbrains/CLion/bin/cmake/win/x64/share/cmake-3.26/Modules/CMakeCXXInformation.cmake",
		"C:/jetbrains/CLion/bin/cmake/win/x64/share/cmake-3.26/Modules/CMakeLanguageInformation.cmake",
		"C:/jetbrains/CLion/bin/cmake/win/x64/share/cmake-3.26/Modules/Compiler/GNU-CXX.cmake",
		"C:/jetbrains/CLion/bin/cmake/win/x64/share/cmake-3.26/Modules/Compiler/GNU.cmake",
		"C:/jetbrains/CLion/bin/cmake/win/x64/share/cmake-3.26/Modules/Platform/Windows-GNU-CXX.cmake",
		"C:/jetbrains/CLion/bin/cmake/win/x64/share/cmake-3.26/Modules/Platform/Windows-GNU.cmake",
		"C:/jetbrains/CLion/bin/cmake/win/x64/share/cmake-3.26/Modules/Platform/Windows-GNU-CXX-ABI.cmake",
		"C:/jetbrains/CLion/bin/cmake/win/x64/share/cmake-3.26/Modules/CMakeCommonLanguageInclude.cmake",
		"D:/Environment/Qt/6.5.2/mingw_64/lib/cmake/Qt6/Qt6ConfigVersion.cmake",
		"D:/Environment/Qt/6.5.2/mingw_64/lib/cmake/Qt6/Qt6ConfigVersionImpl.cmake",
		"D:/Environment/Qt/6.5.2/mingw_64/lib/cmake/Qt6/Qt6Config.cmake",
		"D:/Environment/Qt/6.5.2/mingw_64/lib/cmake/Qt6/Qt6ConfigExtras.cmake",
		"D:/Environment/Qt/6.5.2/mingw_64/lib/cmake/Qt6/QtPublicCMakeVersionHelpers.cmake",
		"D:/Environment/Qt/6.5.2/mingw_64/lib/cmake/Qt6/Qt6Targets.cmake",
		"D:/Environment/Qt/6.5.2/mingw_64/lib/cmake/Qt6/Qt6VersionlessTargets.cmake",
		"D:/Environment/Qt/6.5.2/mingw_64/lib/cmake/Qt6/QtFeature.cmake",
		"D:/Environment/Qt/6.5.2/mingw_64/lib/cmake/Qt6/QtFeatureCommon.cmake",
		"C:/jetbrains/CLion/bin/cmake/win/x64/share/cmake-3.26/Modules/CheckCXXCompilerFlag.cmake",
		"C:/jetbrains/CLion/bin/cmake/win/x64/share/cmake-3.26/Modules/CheckCXXSourceCompiles.cmake",
		"C:/jetbrains/CLion/bin/cmake/win/x64/share/cmake-3.26/Modules/Internal/CheckSourceCompiles.cmake",
		"C:/jetbrains/CLion/bin/cmake/win/x64/share/cmake-3.26/Modules/Internal/CheckCompilerFlag.cmake",
		"C:/jetbrains/CLion/bin/cmake/win/x64/share/cmake-3.26/Modules/Internal/CheckFlagCommonConfig.cmake",
		"C:/jetbrains/CLion/bin/cmake/win/x64/share/cmake-3.26/Modules/Internal/CheckSourceCompiles.cmake",
		"C:/jetbrains/CLion/bin/cmake/win/x64/share/cmake-3.26/Modules/CMakeCheckCompilerFlagCommonPatterns.cmake",
		"D:/Environment/Qt/6.5.2/mingw_64/lib/cmake/Qt6/QtPublicAppleHelpers.cmake",
		"D:/Environment/Qt/6.5.2/mingw_64/lib/cmake/Qt6/QtPublicFinalizerHelpers.cmake",
		"D:/Environment/Qt/6.5.2/mingw_64/lib/cmake/Qt6/QtPublicPluginHelpers.cmake",
		"D:/Environment/Qt/6.5.2/mingw_64/lib/cmake/Qt6/QtPublicTargetHelpers.cmake",
		"D:/Environment/Qt/6.5.2/mingw_64/lib/cmake/Qt6/QtPublicWalkLibsHelpers.cmake",
		"D:/Environment/Qt/6.5.2/mingw_64/lib/cmake/Qt6/QtPublicFindPackageHelpers.cmake",
		"D:/Environment/Qt/6.5.2/mingw_64/lib/cmake/Qt6/QtPublicDependencyHelpers.cmake",
		"D:/Environment/Qt/6.5.2/mingw_64/lib/cmake/Qt6/QtPublicTestHelpers.cmake",
		"D:/Environment/Qt/6.5.2/mingw_64/lib/cmake/Qt6/QtPublicToolHelpers.cmake",
		"D:/Environment/Qt/6.5.2/mingw_64/lib/cmake/Qt6/QtPublicCMakeHelpers.cmake",
		"C:/jetbrains/CLion/bin/cmake/win/x64/share/cmake-3.26/Modules/CMakeFindDependencyMacro.cmake",
		"D:/Environment/Qt/6.5.2/mingw_64/lib/cmake/Qt6/Qt6Dependencies.cmake",
		"C:/jetbrains/CLion/bin/cmake/win/x64/share/cmake-3.26/Modules/FindThreads.cmake",
		"C:/jetbrains/CLion/bin/cmake/win/x64/share/cmake-3.26/Modules/CheckLibraryExists.cmake",
		"C:/jetbrains/CLion/bin/cmake/win/x64/share/cmake-3.26/Modules/CheckIncludeFile.cmake",
		"C:/jetbrains/CLion/bin/cmake/win/x64/share/cmake-3.26/Modules/CheckCSourceCompiles.cmake",
		"C:/jetbrains/CLion/bin/cmake/win/x64/share/cmake-3.26/Modules/Internal/CheckSourceCompiles.cmake",
		"C:/jetbrains/CLion/bin/cmake/win/x64/share/cmake-3.26/Modules/FindPackageHandleStandardArgs.cmake",
		"C:/jetbrains/CLion/bin/cmake/win/x64/share/cmake-3.26/Modules/FindPackageMessage.cmake",
		"D:/Environment/Qt/6.5.2/mingw_64/lib/cmake/Qt6Core/Qt6CoreConfigVersion.cmake",
		"D:/Environment/Qt/6.5.2/mingw_64/lib/cmake/Qt6Core/Qt6CoreConfigVersionImpl.cmake",
		"D:/Environment/Qt/6.5.2/mingw_64/lib/cmake/Qt6Core/Qt6CoreConfig.cmake",
		"C:/jetbrains/CLion/bin/cmake/win/x64/share/cmake-3.26/Modules/CMakeFindDependencyMacro.cmake",
		"D:/Environment/Qt/6.5.2/mingw_64/lib/cmake/Qt6Core/Qt6CoreDependencies.cmake",
		"D:/Environment/Qt/6.5.2/mingw_64/lib/cmake/Qt6/FindWrapAtomic.cmake",
		"C:/jetbrains/CLion/bin/cmake/win/x64/share/cmake-3.26/Modules/CheckCXXSourceCompiles.cmake",
		"C:/jetbrains/CLion/bin/cmake/win/x64/share/cmake-3.26/Modules/FindPackageHandleStandardArgs.cmake",
		"C:/jetbrains/CLion/bin/cmake/win/x64/share/cmake-3.26/Modules/FindPackageMessage.cmake",
		"D:/Environment/Qt/6.5.2/mingw_64/lib/cmake/Qt6CoreTools/Qt6CoreToolsConfigVersion.cmake",
		"D:/Environment/Qt/6.5.2/mingw_64/lib/cmake/Qt6CoreTools/Qt6CoreToolsConfigVersionImpl.cmake",
		"D:/Environment/Qt/6.5.2/mingw_64/lib/cmake/Qt6CoreTools/Qt6CoreToolsConfig.cmake",
		"C:/jetbrains/CLion/bin/cmake/win/x64/share/cmake-3.26/Modules/CMakeFindDependencyMacro.cmake",
		"D:/Environment/Qt/6.5.2/mingw_64/lib/cmake/Qt6CoreTools/Qt6CoreToolsDependencies.cmake",
		"D:/Environment/Qt/6.5.2/mingw_64/lib/cmake/Qt6CoreTools/Qt6CoreToolsTargets.cmake",
		"D:/Environment/Qt/6.5.2/mingw_64/lib/cmake/Qt6CoreTools/Qt6CoreToolsTargets-relwithdebinfo.cmake",
		"D:/Environment/Qt/6.5.2/mingw_64/lib/cmake/Qt6CoreTools/Qt6CoreToolsAdditionalTargetInfo.cmake",
		"D:/Environment/Qt/6.5.2/mingw_64/lib/cmake/Qt6CoreTools/Qt6CoreToolsVersionlessTargets.cmake",
		"D:/Environment/Qt/6.5.2/mingw_64/lib/cmake/Qt6ZlibPrivate/Qt6ZlibPrivateConfigVersion.cmake",
		"D:/Environment/Qt/6.5.2/mingw_64/lib/cmake/Qt6ZlibPrivate/Qt6ZlibPrivateConfigVersionImpl.cmake",
		"D:/Environment/Qt/6.5.2/mingw_64/lib/cmake/Qt6ZlibPrivate/Qt6ZlibPrivateConfig.cmake",
		"C:/jetbrains/CLion/bin/cmake/win/x64/share/cmake-3.26/Modules/CMakeFindDependencyMacro.cmake",
		"D:/Environment/Qt/6.5.2/mingw_64/lib/cmake/Qt6ZlibPrivate/Qt6ZlibPrivateTargets.cmake",
		"D:/Environment/Qt/6.5.2/mingw_64/lib/cmake/Qt6ZlibPrivate/Qt6ZlibPrivateAdditionalTargetInfo.cmake",
		"D:/Environment/Qt/6.5.2/mingw_64/lib/cmake/Qt6ZlibPrivate/Qt6ZlibPrivateVersionlessTargets.cmake",
		"D:/Environment/Qt/6.5.2/mingw_64/lib/cmake/Qt6EntryPointPrivate/Qt6EntryPointPrivateConfigVersion.cmake",
		"D:/Environment/Qt/6.5.2/mingw_64/lib/cmake/Qt6EntryPointPrivate/Qt6EntryPointPrivateConfigVersionImpl.cmake",
		"D:/Environment/Qt/6.5.2/mingw_64/lib/cmake/Qt6EntryPointPrivate/Qt6EntryPointPrivateConfig.cmake",
		"C:/jetbrains/CLion/bin/cmake/win/x64/share/cmake-3.26/Modules/CMakeFindDependencyMacro.cmake",
		"D:/Environment/Qt/6.5.2/mingw_64/lib/cmake/Qt6EntryPointPrivate/Qt6EntryPointPrivateTargets.cmake",
		"D:/Environment/Qt/6.5.2/mingw_64/lib/cmake/Qt6EntryPointPrivate/Qt6EntryPointPrivateTargets-relwithdebinfo.cmake",
		"D:/Environment/Qt/6.5.2/mingw_64/lib/cmake/Qt6EntryPointPrivate/Qt6EntryPointPrivateAdditionalTargetInfo.cmake",
		"D:/Environment/Qt/6.5.2/mingw_64/lib/cmake/Qt6EntryPointPrivate/Qt6EntryPointPrivateVersionlessTargets.cmake",
		"D:/Environment/Qt/6.5.2/mingw_64/lib/cmake/Qt6EntryPointPrivate/Qt6EntryPointMinGW32Target.cmake",
		"D:/Environment/Qt/6.5.2/mingw_64/lib/cmake/Qt6Core/Qt6CoreTargets.cmake",
		"D:/Environment/Qt/6.5.2/mingw_64/lib/cmake/Qt6Core/Qt6CoreTargets-relwithdebinfo.cmake",
		"D:/Environment/Qt/6.5.2/mingw_64/lib/cmake/Qt6Core/Qt6CoreAdditionalTargetInfo.cmake",
		"D:/Environment/Qt/6.5.2/mingw_64/lib/cmake/Qt6Core/Qt6CoreVersionlessTargets.cmake",
		"D:/Environment/Qt/6.5.2/mingw_64/lib/cmake/Qt6Core/Qt6CoreMacros.cmake",
		"D:/Environment/Qt/6.5.2/mingw_64/lib/cmake/Qt6Core/Qt6CoreConfigExtras.cmake",
		"D:/Environment/Qt/6.5.2/mingw_64/lib/cmake/Qt6Core/QtInstallPaths.cmake",
		"C:/jetbrains/CLion/bin/cmake/win/x64/share/cmake-3.26/Modules/GNUInstallDirs.cmake",
		"D:/Environment/Qt/6.5.2/mingw_64/lib/cmake/Qt6Gui/Qt6GuiConfigVersion.cmake",
		"D:/Environment/Qt/6.5.2/mingw_64/lib/cmake/Qt6Gui/Qt6GuiConfigVersionImpl.cmake",
		"D:/Environment/Qt/6.5.2/mingw_64/lib/cmake/Qt6Gui/Qt6GuiConfig.cmake",
		"C:/jetbrains/CLion/bin/cmake/win/x64/share/cmake-3.26/Modules/CMakeFindDependencyMacro.cmake",
		"D:/Environment/Qt/6.5.2/mingw_64/lib/cmake/Qt6Gui/Qt6GuiDependencies.cmake",
		"D:/Environment/Qt/6.5.2/mingw_64/lib/cmake/Qt6/FindWrapVulkanHeaders.cmake",
		"C:/jetbrains/CLion/bin/cmake/win/x64/share/cmake-3.26/Modules/FindVulkan.cmake",
		"C:/jetbrains/CLion/bin/cmake/win/x64/share/cmake-3.26/Modules/FindPackageHandleStandardArgs.cmake",
		"C:/jetbrains/CLion/bin/cmake/win/x64/share/cmake-3.26/Modules/FindPackageMessage.cmake",
		"C:/jetbrains/CLion/bin/cmake/win/x64/share/cmake-3.26/Modules/FindPackageHandleStandardArgs.cmake",
		"C:/jetbrains/CLion/bin/cmake/win/x64/share/cmake-3.26/Modules/FindPackageMessage.cmake",
		"D:/Environment/Qt/6.5.2/mingw_64/lib/cmake/Qt6GuiTools/Qt6GuiToolsConfigVersion.cmake",
		"D:/Environment/Qt/6.5.2/mingw_64/lib/cmake/Qt6GuiTools/Qt6GuiToolsConfigVersionImpl.cmake",
		"D:/Environment/Qt/6.5.2/mingw_64/lib/cmake/Qt6GuiTools/Qt6GuiToolsConfig.cmake",
		"C:/jetbrains/CLion/bin/cmake/win/x64/share/cmake-3.26/Modules/CMakeFindDependencyMacro.cmake",
		"D:/Environment/Qt/6.5.2/mingw_64/lib/cmake/Qt6GuiTools/Qt6GuiToolsDependencies.cmake",
		"D:/Environment/Qt/6.5.2/mingw_64/lib/cmake/Qt6GuiTools/Qt6GuiToolsTargets.cmake",
		"D:/Environment/Qt/6.5.2/mingw_64/lib/cmake/Qt6GuiTools/Qt6GuiToolsTargets-relwithdebinfo.cmake",
		"D:/Environment/Qt/6.5.2/mingw_64/lib/cmake/Qt6GuiTools/Qt6GuiToolsAdditionalTargetInfo.cmake",
		"D:/Environment/Qt/6.5.2/mingw_64/lib/cmake/Qt6GuiTools/Qt6GuiToolsVersionlessTargets.cmake",
		"D:/Environment/Qt/6.5.2/mingw_64/lib/cmake/Qt6Gui/Qt6GuiTargets.cmake",
		"D:/Environment/Qt/6.5.2/mingw_64/lib/cmake/Qt6Gui/Qt6GuiTargets-relwithdebinfo.cmake",
		"D:/Environment/Qt/6.5.2/mingw_64/lib/cmake/Qt6Gui/Qt6GuiAdditionalTargetInfo.cmake",
		"D:/Environment/Qt/6.5.2/mingw_64/lib/cmake/Qt6Gui/Qt6GuiVersionlessTargets.cmake",
		"D:/Environment/Qt/6.5.2/mingw_64/lib/cmake/Qt6Gui/Qt6GuiPlugins.cmake",
		"D:/Environment/Qt/6.5.2/mingw_64/lib/cmake/Qt6Gui/Qt6QGifPluginConfig.cmake",
		"C:/jetbrains/CLion/bin/cmake/win/x64/share/cmake-3.26/Modules/CMakeFindDependencyMacro.cmake",
		"D:/Environment/Qt/6.5.2/mingw_64/lib/cmake/Qt6Gui/Qt6QGifPluginTargets.cmake",
		"D:/Environment/Qt/6.5.2/mingw_64/lib/cmake/Qt6Gui/Qt6QGifPluginTargets-relwithdebinfo.cmake",
		"D:/Environment/Qt/6.5.2/mingw_64/lib/cmake/Qt6Gui/Qt6QGifPluginAdditionalTargetInfo.cmake",
		"D:/Environment/Qt/6.5.2/mingw_64/lib/cmake/Qt6Gui/Qt6QICOPluginConfig.cmake",
		"C:/jetbrains/CLion/bin/cmake/win/x64/share/cmake-3.26/Modules/CMakeFindDependencyMacro.cmake",
		"D:/Environment/Qt/6.5.2/mingw_64/lib/cmake/Qt6Gui/Qt6QICOPluginTargets.cmake",
		"D:/Environment/Qt/6.5.2/mingw_64/lib/cmake/Qt6Gui/Qt6QICOPluginTargets-relwithdebinfo.cmake",
		"D:/Environment/Qt/6.5.2/mingw_64/lib/cmake/Qt6Gui/Qt6QICOPluginAdditionalTargetInfo.cmake",
		"D:/Environment/Qt/6.5.2/mingw_64/lib/cmake/Qt6Gui/Qt6QJpegPluginConfig.cmake",
		"C:/jetbrains/CLion/bin/cmake/win/x64/share/cmake-3.26/Modules/CMakeFindDependencyMacro.cmake",
		"D:/Environment/Qt/6.5.2/mingw_64/lib/cmake/Qt6Gui/Qt6QJpegPluginTargets.cmake",
		"D:/Environment/Qt/6.5.2/mingw_64/lib/cmake/Qt6Gui/Qt6QJpegPluginTargets-relwithdebinfo.cmake",
		"D:/Environment/Qt/6.5.2/mingw_64/lib/cmake/Qt6Gui/Qt6QJpegPluginAdditionalTargetInfo.cmake",
		"D:/Environment/Qt/6.5.2/mingw_64/lib/cmake/Qt6Gui/Qt6QMinimalIntegrationPluginConfig.cmake",
		"C:/jetbrains/CLion/bin/cmake/win/x64/share/cmake-3.26/Modules/CMakeFindDependencyMacro.cmake",
		"D:/Environment/Qt/6.5.2/mingw_64/lib/cmake/Qt6Gui/Qt6QMinimalIntegrationPluginTargets.cmake",
		"D:/Environment/Qt/6.5.2/mingw_64/lib/cmake/Qt6Gui/Qt6QMinimalIntegrationPluginTargets-relwithdebinfo.cmake",
		"D:/Environment/Qt/6.5.2/mingw_64/lib/cmake/Qt6Gui/Qt6QMinimalIntegrationPluginAdditionalTargetInfo.cmake",
		"D:/Environment/Qt/6.5.2/mingw_64/lib/cmake/Qt6Gui/Qt6QOffscreenIntegrationPluginConfig.cmake",
		"C:/jetbrains/CLion/bin/cmake/win/x64/share/cmake-3.26/Modules/CMakeFindDependencyMacro.cmake",
		"D:/Environment/Qt/6.5.2/mingw_64/lib/cmake/Qt6Gui/Qt6QOffscreenIntegrationPluginTargets.cmake",
		"D:/Environment/Qt/6.5.2/mingw_64/lib/cmake/Qt6Gui/Qt6QOffscreenIntegrationPluginTargets-relwithdebinfo.cmake",
		"D:/Environment/Qt/6.5.2/mingw_64/lib/cmake/Qt6Gui/Qt6QOffscreenIntegrationPluginAdditionalTargetInfo.cmake",
		"D:/Environment/Qt/6.5.2/mingw_64/lib/cmake/Qt6Gui/Qt6QSvgIconPluginConfig.cmake",
		"C:/jetbrains/CLion/bin/cmake/win/x64/share/cmake-3.26/Modules/CMakeFindDependencyMacro.cmake",
		"D:/Environment/Qt/6.5.2/mingw_64/lib/cmake/Qt6Gui/Qt6QSvgIconPluginTargets.cmake",
		"D:/Environment/Qt/6.5.2/mingw_64/lib/cmake/Qt6Gui/Qt6QSvgIconPluginTargets-relwithdebinfo.cmake",
		"D:/Environment/Qt/6.5.2/mingw_64/lib/cmake/Qt6Gui/Qt6QSvgIconPluginAdditionalTargetInfo.cmake",
		"D:/Environment/Qt/6.5.2/mingw_64/lib/cmake/Qt6Gui/Qt6QSvgPluginConfig.cmake",
		"C:/jetbrains/CLion/bin/cmake/win/x64/share/cmake-3.26/Modules/CMakeFindDependencyMacro.cmake",
		"D:/Environment/Qt/6.5.2/mingw_64/lib/cmake/Qt6Gui/Qt6QSvgPluginTargets.cmake",
		"D:/Environment/Qt/6.5.2/mingw_64/lib/cmake/Qt6Gui/Qt6QSvgPluginTargets-relwithdebinfo.cmake",
		"D:/Environment/Qt/6.5.2/mingw_64/lib/cmake/Qt6Gui/Qt6QSvgPluginAdditionalTargetInfo.cmake",
		"D:/Environment/Qt/6.5.2/mingw_64/lib/cmake/Qt6Gui/Qt6QTuioTouchPluginConfig.cmake",
		"C:/jetbrains/CLion/bin/cmake/win/x64/share/cmake-3.26/Modules/CMakeFindDependencyMacro.cmake",
		"D:/Environment/Qt/6.5.2/mingw_64/lib/cmake/Qt6Gui/Qt6QTuioTouchPluginTargets.cmake",
		"D:/Environment/Qt/6.5.2/mingw_64/lib/cmake/Qt6Gui/Qt6QTuioTouchPluginTargets-relwithdebinfo.cmake",
		"D:/Environment/Qt/6.5.2/mingw_64/lib/cmake/Qt6Gui/Qt6QTuioTouchPluginAdditionalTargetInfo.cmake",
		"D:/Environment/Qt/6.5.2/mingw_64/lib/cmake/Qt6Gui/Qt6QWindowsDirect2DIntegrationPluginConfig.cmake",
		"C:/jetbrains/CLion/bin/cmake/win/x64/share/cmake-3.26/Modules/CMakeFindDependencyMacro.cmake",
		"D:/Environment/Qt/6.5.2/mingw_64/lib/cmake/Qt6Gui/Qt6QWindowsDirect2DIntegrationPluginTargets.cmake",
		"D:/Environment/Qt/6.5.2/mingw_64/lib/cmake/Qt6Gui/Qt6QWindowsDirect2DIntegrationPluginTargets-relwithdebinfo.cmake",
		"D:/Environment/Qt/6.5.2/mingw_64/lib/cmake/Qt6Gui/Qt6QWindowsDirect2DIntegrationPluginAdditionalTargetInfo.cmake",
		"D:/Environment/Qt/6.5.2/mingw_64/lib/cmake/Qt6Gui/Qt6QWindowsIntegrationPluginConfig.cmake",
		"C:/jetbrains/CLion/bin/cmake/win/x64/share/cmake-3.26/Modules/CMakeFindDependencyMacro.cmake",
		"D:/Environment/Qt/6.5.2/mingw_64/lib/cmake/Qt6Gui/Qt6QWindowsIntegrationPluginTargets.cmake",
		"D:/Environment/Qt/6.5.2/mingw_64/lib/cmake/Qt6Gui/Qt6QWindowsIntegrationPluginTargets-relwithdebinfo.cmake",
		"D:/Environment/Qt/6.5.2/mingw_64/lib/cmake/Qt6Gui/Qt6QWindowsIntegrationPluginAdditionalTargetInfo.cmake",
		"D:/Environment/Qt/6.5.2/mingw_64/lib/cmake/Qt6Widgets/Qt6WidgetsConfigVersion.cmake",
		"D:/Environment/Qt/6.5.2/mingw_64/lib/cmake/Qt6Widgets/Qt6WidgetsConfigVersionImpl.cmake",
		"D:/Environment/Qt/6.5.2/mingw_64/lib/cmake/Qt6Widgets/Qt6WidgetsConfig.cmake",
		"C:/jetbrains/CLion/bin/cmake/win/x64/share/cmake-3.26/Modules/CMakeFindDependencyMacro.cmake",
		"D:/Environment/Qt/6.5.2/mingw_64/lib/cmake/Qt6Widgets/Qt6WidgetsDependencies.cmake",
		"D:/Environment/Qt/6.5.2/mingw_64/lib/cmake/Qt6WidgetsTools/Qt6WidgetsToolsConfigVersion.cmake",
		"D:/Environment/Qt/6.5.2/mingw_64/lib/cmake/Qt6WidgetsTools/Qt6WidgetsToolsConfigVersionImpl.cmake",
		"D:/Environment/Qt/6.5.2/mingw_64/lib/cmake/Qt6WidgetsTools/Qt6WidgetsToolsConfig.cmake",
		"C:/jetbrains/CLion/bin/cmake/win/x64/share/cmake-3.26/Modules/CMakeFindDependencyMacro.cmake",
		"D:/Environment/Qt/6.5.2/mingw_64/lib/cmake/Qt6WidgetsTools/Qt6WidgetsToolsDependencies.cmake",
		"D:/Environment/Qt/6.5.2/mingw_64/lib/cmake/Qt6WidgetsTools/Qt6WidgetsToolsTargets.cmake",
		"D:/Environment/Qt/6.5.2/mingw_64/lib/cmake/Qt6WidgetsTools/Qt6WidgetsToolsTargets-relwithdebinfo.cmake",
		"D:/Environment/Qt/6.5.2/mingw_64/lib/cmake/Qt6WidgetsTools/Qt6WidgetsToolsAdditionalTargetInfo.cmake",
		"D:/Environment/Qt/6.5.2/mingw_64/lib/cmake/Qt6WidgetsTools/Qt6WidgetsToolsVersionlessTargets.cmake",
		"D:/Environment/Qt/6.5.2/mingw_64/lib/cmake/Qt6Widgets/Qt6WidgetsTargets.cmake",
		"D:/Environment/Qt/6.5.2/mingw_64/lib/cmake/Qt6Widgets/Qt6WidgetsTargets-relwithdebinfo.cmake",
		"D:/Environment/Qt/6.5.2/mingw_64/lib/cmake/Qt6Widgets/Qt6WidgetsAdditionalTargetInfo.cmake",
		"D:/Environment/Qt/6.5.2/mingw_64/lib/cmake/Qt6Widgets/Qt6WidgetsVersionlessTargets.cmake",
		"D:/Environment/Qt/6.5.2/mingw_64/lib/cmake/Qt6Widgets/Qt6WidgetsMacros.cmake",
		"D:/Environment/Qt/6.5.2/mingw_64/lib/cmake/Qt6Widgets/Qt6WidgetsPlugins.cmake",
		"D:/Environment/Qt/6.5.2/mingw_64/lib/cmake/Qt6Widgets/Qt6QWindowsVistaStylePluginConfig.cmake",
		"C:/jetbrains/CLion/bin/cmake/win/x64/share/cmake-3.26/Modules/CMakeFindDependencyMacro.cmake",
		"D:/Environment/Qt/6.5.2/mingw_64/lib/cmake/Qt6Widgets/Qt6QWindowsVistaStylePluginTargets.cmake",
		"D:/Environment/Qt/6.5.2/mingw_64/lib/cmake/Qt6Widgets/Qt6QWindowsVistaStylePluginTargets-relwithdebinfo.cmake",
		"D:/Environment/Qt/6.5.2/mingw_64/lib/cmake/Qt6Widgets/Qt6QWindowsVistaStylePluginAdditionalTargetInfo.cmake",
		"C:/jetbrains/CLion/bin/cmake/win/x64/share/cmake-3.26/Modules/GNUInstallDirs.cmake"
	],
	"CMAKE_SOURCE_DIR" : "D:/code/platform/Sorting-Algorithm-Interface-Framework",
	"DEP_FILE" : "D:/code/platform/Sorting-Algorithm-Interface-Framework/cmake-build-debug/Sorting_Algorithm_Interface_Framework_autogen/deps",
	"DEP_FILE_RULE_NAME" : "Sorting_Algorithm_Interface_Framework_autogen/timestamp",
	"HEADERS" : 
	[
		[
			"D:/code/platform/Sorting-Algorithm-Interface-Framework/src/mainwindow.h",
			"MU",
			"UVLADIE3JM/moc_mainwindow.cpp",
			null
		],
		[
			"D:/code/platform/Sorting-Algorithm-Interface-Framework/src/ui/distributionwindow.h",
			"MU",
			"YPKJ5OE7LN/moc_distributionwindow.cpp",
			null
		]
	],
	"HEADER_EXTENSIONS" : [ "h", "hh", "h++", "hm", "hpp", "hxx", "in", "txx" ],
	"INCLUDE_DIR" : "D:/code/platform/Sorting-Algorithm-Interface-Framework/cmake-build-debug/Sorting_Algorithm_Interface_Framework_autogen/include",
	"MOC_COMPILATION_FILE" : "D:/code/platform/Sorting-Algorithm-Interface-Framework/cmake-build-debug/Sorting_Algorithm_Interface_Framework_autogen/mocs_compilation.cpp",
	"MOC_DEFINITIONS" : 
	[
		"MINGW_HAS_SECURE_API=1",
		"QT_CORE_LIB",
		"QT_GUI_LIB",
		"QT_NEEDS_QMAIN",
		"QT_WIDGETS_LIB",
		"UNICODE",
		"WIN32",
		"WIN64",
		"_ENABLE_EXTENDED_ALIGNED_STORAGE",
		"_UNICODE",
		"_WIN64"
	],
	"MOC_DEPEND_FILTERS" : 
	[
		[
			"Q_PLUGIN_METADATA",
			"[\n][ \t]*Q_PLUGIN_METADATA[ \t]*\\([^\\)]*FILE[ \t]*\"([^\"]+)\""
		]
	],
	"MOC_INCLUDES" : 
	[
		"D:/code/platform/Sorting-Algorithm-Interface-Framework/src/structure",
		"D:/code/platform/Sorting-Algorithm-Interface-Framework/src/algorithm",
		"D:/code/platform/Sorting-Algorithm-Interface-Framework/src/factory",
		"D:/code/platform/Sorting-Algorithm-Interface-Framework/src/distribution",
		"D:/Environment/Qt/6.5.2/mingw_64/include/QtCore",
		"D:/Environment/Qt/6.5.2/mingw_64/include",
		"D:/Environment/Qt/6.5.2/mingw_64/mkspecs/win32-g++",
		"D:/Environment/Qt/6.5.2/mingw_64/include/QtGui",
		"D:/Environment/Qt/6.5.2/mingw_64/include/QtWidgets",
		"D:/Environment/Qt/Tools/mingw1120_64/lib/gcc/x86_64-w64-mingw32/11.2.0/include/c++",
		"D:/Environment/Qt/Tools/mingw1120_64/lib/gcc/x86_64-w64-mingw32/11.2.0/include/c++/x86_64-w64-mingw32",
		"D:/Environment/Qt/Tools/mingw1120_64/lib/gcc/x86_64-w64-mingw32/11.2.0/include/c++/backward",
		"D:/Environment/Qt/Tools/mingw1120_64/lib/gcc/x86_64-w64-mingw32/11.2.0/include",
		"D:/Environment/Qt/Tools/mingw1120_64/lib/gcc/x86_64-w64-mingw32/11.2.0/include-fixed",
		"D:/Environment/Qt/Tools/mingw1120_64/x86_64-w64-mingw32/include"
	],
	"MOC_MACRO_NAMES" : 
	[
		"Q_OBJECT",
		"Q_GADGET",
		"Q_NAMESPACE",
		"Q_NAMESPACE_EXPORT",
		"Q_GADGET_EXPORT"
	],
	"MOC_OPTIONS" : [],
	"MOC_PATH_PREFIX" : false,
	"MOC_PREDEFS_CMD" : 
	[
		"D:/Environment/Qt/Tools/mingw1120_64/bin/c++.exe",
		"-dM",
		"-E",
		"-c",
		"C:/jetbrains/CLion/bin/cmake/win/x64/share/cmake-3.26/Modules/CMakeCXXCompilerABI.cpp"
	],
	"MOC_PREDEFS_FILE" : "D:/code/platform/Sorting-Algorithm-Interface-Framework/cmake-build-debug/Sorting_Algorithm_Interface_Framework_autogen/moc_predefs.h",
	"MOC_RELAXED_MODE" : false,
	"MOC_SKIP" : [],
	"MULTI_CONFIG" : false,
	"PARALLEL" : 12,
	"PARSE_CACHE_FILE" : "D:/code/platform/Sorting-Algorithm-Interface-Framework/cmake-build-debug/CMakeFiles/Sorting_Algorithm_Interface_Framework_autogen.dir/ParseCache.txt",
	"QT_MOC_EXECUTABLE" : "D:/Environment/Qt/6.5.2/mingw_64/./bin/moc.exe",
	"QT_UIC_EXECUTABLE" : "D:/Environment/Qt/6.5.2/mingw_64/./bin/uic.exe",
	"QT_VERSION_MAJOR" : 6,
	"QT_VERSION_MINOR" : 5,
	"SETTINGS_FILE" : "D:/code/platform/Sorting-Algorithm-Interface-Framework/cmake-build-debug/CMakeFiles/Sorting_Algorithm_Interface_Framework_autogen.dir/AutogenUsed.txt",
	"SOURCES" : 
	[
		[
			"D:/code/platform/Sorting-Algorithm-Interface-Framework/src/algorithm/BubbleSort.cpp",
			"MU",
			null
		],
		[
			"D:/code/platform/Sorting-Algorithm-Interface-Framework/src/algorithm/Demo.cpp",
			"MU",
			null
		],
		[
			"D:/code/platform/Sorting-Algorithm-Interface-Framework/src/algorithm/Evaluate.cpp",
			"MU",
			null
		],
		[
			"D:/code/platform/Sorting-Algorithm-Interface-Framework/src/algorithm/InsertionSort.cpp",
			"MU",
			null
		],
		[
			"D:/code/platform/Sorting-Algorithm-Interface-Framework/src/algorithm/MergeSort.cpp",
			"MU",
			null
		],
		[
			"D:/code/platform/Sorting-Algorithm-Interface-Framework/src/algorithm/QuickSort.cpp",
			"MU",
			null
		],
		[
			"D:/code/platform/Sorting-Algorithm-Interface-Framework/src/algorithm/RadixSort.cpp",
			"MU",
			null
		],
		[
			"D:/code/platform/Sorting-Algorithm-Interface-Framework/src/algorithm/SelectionSort.cpp",
			"MU",
			null
		],
		[
			"D:/code/platform/Sorting-Algorithm-Interface-Framework/src/algorithm/ShellSort.cpp",
			"MU",
			null
		],
		[
			"D:/code/platform/Sorting-Algorithm-Interface-Framework/src/algorithm/Sort.cpp",
			"MU",
			null
		],
		[
			"D:/code/platform/Sorting-Algorithm-Interface-Framework/src/algorithm/heapSort.cpp",
			"MU",
			null
		],
		[
			"D:/code/platform/Sorting-Algorithm-Interface-Framework/src/distribution/Exponential.cpp",
			"MU",
			null
		],
		[
			"D:/code/platform/Sorting-Algorithm-Interface-Framework/src/distribution/Gaussian.cpp",
			"MU",
			null
		],
		[
			"D:/code/platform/Sorting-Algorithm-Interface-Framework/src/distribution/Poisson.cpp",
			"MU",
			null
		],
		[
			"D:/code/platform/Sorting-Algorithm-Interface-Framework/src/distribution/Uniform.cpp",
			"MU",
			null
		],
		[
			"D:/code/platform/Sorting-Algorithm-Interface-Framework/src/main.cpp",
			"MU",
			null
		],
		[
			"D:/code/platform/Sorting-Algorithm-Interface-Framework/src/mainwindow.cpp",
			"MU",
			null
		],
		[
			"D:/code/platform/Sorting-Algorithm-Interface-Framework/src/ui/distributionwindow.cpp",
			"MU",
			null
		]
	],
	"UIC_OPTIONS" : [],
	"UIC_SEARCH_PATHS" : [],
	"UIC_SKIP" : [],
	"UIC_UI_FILES" : [],
	"VERBOSITY" : 0
}
